,Concept(BoW)
BasilicaOfSanVitale&HagiaSophia,0.4106595516204834
BasilicaOfSanVitale&SaintSophiaChurch,0.4299396574497223
BasilicaOfSanVitale&SantaMariaMaggiore,0.5828500390052795
HagiaSophia&SaintSophiaChurch,0.48436301946640015
HagiaSophia&SantaMariaMaggiore,0.3554058074951172
SaintSophiaChurch&SantaMariaMaggiore,0.3727392554283142
SantaMariaMaggiore&SantaMariaMaggiore,0.32851141691207886
SantaMariaMaggiore&SantaMariaMaggiore,0.31477272510528564
SantaMariaMaggiore&SantaMariaMaggiore,0.3296273946762085
SantaMariaMaggiore&SantaMariaMaggiore,0.3748164772987366
SantaMariaMaggiore&SantaMariaMaggiore,0.20595364272594452
SantaMariaMaggiore&SantaMariaMaggiore,0.2276305854320526
SantaMariaMaggiore&SantaMariaMaggiore,0.33783257007598877
SantaMariaMaggiore&SantaMariaMaggiore,0.3470652401447296
SantaMariaMaggiore&SantaMariaMaggiore,0.3755885362625122
SantaMariaMaggiore&SantaMariaMaggiore,0.36540570855140686
SantaMariaMaggiore&SantaMariaMaggiore,0.39122262597084045
SantaMariaMaggiore&SantaMariaMaggiore,0.43196719884872437
SantaMariaMaggiore&SantaMariaMaggiore,0.2790400981903076
SantaMariaMaggiore&SantaMariaMaggiore,0.3110376298427582
SantaMariaMaggiore&SantaMariaMaggiore,0.24381525814533234
SantaMariaMaggiore&SantaMariaMaggiore,0.3674831986427307
SantaMariaMaggiore&SantaMariaMaggiore,0.29620176553726196
SantaMariaMaggiore&SantaMariaMaggiore,0.3134889006614685
SantaMariaMaggiore&SantaMariaMaggiore,0.2821062505245209
SantaMariaMaggiore&SantaMariaMaggiore,0.46054449677467346
SantaMariaMaggiore&SantaMariaMaggiore,0.4112143814563751
SantaMariaMaggiore&SantaMariaMaggiore,0.21001048386096954
SantaMariaMaggiore&SantaMariaMaggiore,0.3876432180404663
SantaMariaMaggiore&SantaMariaMaggiore,0.2899729907512665
SantaMariaMaggiore&SantaMariaMaggiore,0.34167641401290894
SantaMariaMaggiore&SantaMariaMaggiore,0.25886106491088867
SantaMariaMaggiore&SantaMariaMaggiore,0.32957082986831665
SantaMariaMaggiore&SantaMariaMaggiore,0.23602202534675598
SantaMariaMaggiore&SantaMariaMaggiore,0.27605924010276794
SantaMariaMaggiore&SantaMariaMaggiore,0.3062119483947754
SantaMariaMaggiore&SantaMariaMaggiore,0.32229578495025635
SantaMariaMaggiore&SantaMariaMaggiore,0.4007483422756195
SantaMariaMaggiore&SantaMariaMaggiore,0.592635989189148
SantaMariaMaggiore&SantaMariaMaggiore,0.41807347536087036
SantaMariaMaggiore&SantaMariaMaggiore,0.42966198921203613
SantaMariaMaggiore&SantaMariaMaggiore,0.5937892198562622
SantaMariaMaggiore&SantaMariaMaggiore,0.4016525149345398
SantaMariaMaggiore&SantaMariaMaggiore,0.22222387790679932
SantaMariaMaggiore&SantaMariaMaggiore,0.2938682436943054
SantaMariaMaggiore&SantaMariaMaggiore,0.33365169167518616
SantaMariaMaggiore&SantaMariaMaggiore,0.35305482149124146
SantaMariaMaggiore&SantaMariaMaggiore,0.30474716424942017
SantaMariaMaggiore&SantaMariaMaggiore,0.2709471583366394
SantaMariaMaggiore&SantaMariaMaggiore,0.47442516684532166
SantaMariaMaggiore&SantaMariaMaggiore,0.6807674169540405
SantaMariaMaggiore&SantaMariaMaggiore,0.3738747239112854
SantaMariaMaggiore&SantaMariaMaggiore,0.42457106709480286
SantaMariaMaggiore&SantaMariaMaggiore,0.6548660397529602
SantaMariaMaggiore&SantaMariaMaggiore,0.23882023990154266
SantaMariaMaggiore&SantaMariaMaggiore,0.46895238757133484
SantaMariaMaggiore&SantaMariaMaggiore,0.5893669724464417
SantaMariaMaggiore&SantaMariaMaggiore,0.2748236656188965
SantaMariaMaggiore&SantaMariaMaggiore,0.13643422722816467
SantaMariaMaggiore&SantaMariaMaggiore,0.3780508041381836
SantaMariaMaggiore&SantaMariaMaggiore,0.3587678074836731
SantaMariaMaggiore&SantaMariaMaggiore,0.13389623165130615
SantaMariaMaggiore&SantaMariaMaggiore,0.20897531509399414
SantaMariaMaggiore&SantaMariaMaggiore,0.39332106709480286
SantaMariaMaggiore&SantaMariaMaggiore,0.3376786410808563
SantaMariaMaggiore&SantaMariaMaggiore,0.20708203315734863
SantaMariaMaggiore&SantaMariaMaggiore,0.11343873292207718
SantaMariaMaggiore&SantaMariaMaggiore,0.4572894871234894
SantaMariaMaggiore&SantaMariaMaggiore,0.5035361051559448
SantaMariaMaggiore&SantaMariaMaggiore,0.14319714903831482
SantaMariaMaggiore&SantaMariaMaggiore,0.15302476286888123
SantaMariaMaggiore&SantaMariaMaggiore,0.16435322165489197
SantaMariaMaggiore&SantaMariaMaggiore,0.14922687411308289
SantaMariaMaggiore&SantaMariaMaggiore,0.27034980058670044
SantaMariaMaggiore&SantaMariaMaggiore,0.11047328263521194
SantaMariaMaggiore&SantaMariaMaggiore,0.14241227507591248
SantaMariaMaggiore&SantaMariaMaggiore,0.1612083613872528
SantaMariaMaggiore&SantaMariaMaggiore,0.1857212334871292
SantaMariaMaggiore&SantaMariaMaggiore,0.21605199575424194
SantaMariaMaggiore&SantaMariaMaggiore,0.2270604521036148
SantaMariaMaggiore&SantaMariaMaggiore,0.1250537931919098
SantaMariaMaggiore&SantaMariaMaggiore,0.3034510612487793
SantaMariaMaggiore&SantaMariaMaggiore,0.17840227484703064
SantaMariaMaggiore&SantaMariaMaggiore,0.08145524561405182
SantaMariaMaggiore&SantaMariaMaggiore,0.0760507732629776
SantaMariaMaggiore&SantaMariaMaggiore,0.07834002375602722
SantaMariaMaggiore&SantaMariaMaggiore,0.27865761518478394
SantaMariaMaggiore&SantaMariaMaggiore,0.2750006914138794
SantaMariaMaggiore&SantaMariaMaggiore,0.20236821472644806
SantaMariaMaggiore&SantaMariaMaggiore,0.24245040118694305
SantaMariaMaggiore&SantaMariaMaggiore,0.27475130558013916
SantaMariaMaggiore&SantaMariaMaggiore,0.16220681369304657
SantaMariaMaggiore&SantaMariaMaggiore,0.2014191895723343
SantaMariaMaggiore&SantaMariaMaggiore,0.2471616268157959
SantaMariaMaggiore&SantaMariaMaggiore,0.15922577679157257
SantaMariaMaggiore&SantaMariaMaggiore,0.2849794924259186
SantaMariaMaggiore&SantaMariaMaggiore,0.22637726366519928
SantaMariaMaggiore&SantaMariaMaggiore,0.2941282093524933
SantaMariaMaggiore&SantaMariaMaggiore,0.20989438891410828
SantaMariaMaggiore&SantaMariaMaggiore,0.11306644976139069
SantaMariaMaggiore&SantaMariaMaggiore,0.08963276445865631
SantaMariaMaggiore&SantaMariaMaggiore,0.09909692406654358
SantaMariaMaggiore&SantaMariaMaggiore,0.08435698598623276
SantaMariaMaggiore&SantaMariaMaggiore,0.125664621591568
SantaMariaMaggiore&SantaMariaMaggiore,0.20869213342666626
SantaMariaMaggiore&SantaMariaMaggiore,0.33184847235679626
SantaMariaMaggiore&SantaMariaMaggiore,0.07244464755058289
SantaMariaMaggiore&SantaMariaMaggiore,0.17607390880584717
SantaMariaMaggiore&SantaMariaMaggiore,0.2061779648065567
SantaMariaMaggiore&SantaMariaMaggiore,0.2137412130832672
SantaMariaMaggiore&SantaMariaMaggiore,0.22097808122634888
SantaMariaMaggiore&SantaMariaMaggiore,0.14294089376926422
SantaMariaMaggiore&SantaMariaMaggiore,0.23681087791919708
SantaMariaMaggiore&SantaMariaMaggiore,0.3888454735279083
SantaMariaMaggiore&SantaMariaMaggiore,-0.01911906525492668
SantaMariaMaggiore&SantaMariaMaggiore,0.05303269252181053
SantaMariaMaggiore&SantaMariaMaggiore,0.08884747326374054
SantaMariaMaggiore&SantaMariaMaggiore,0.11292895674705505
SantaMariaMaggiore&SantaMariaMaggiore,0.16329076886177063
SantaMariaMaggiore&SantaMariaMaggiore,0.16109518706798553
SantaMariaMaggiore&SantaMariaMaggiore,0.09404982626438141
SantaMariaMaggiore&SantaMariaMaggiore,0.20372994244098663
SantaMariaMaggiore&SantaMariaMaggiore,0.22955361008644104
SantaMariaMaggiore&SantaMariaMaggiore,0.19527722895145416
SantaMariaMaggiore&SantaMariaMaggiore,0.005758409388363361
SantaMariaMaggiore&SantaMariaMaggiore,0.17050056159496307
SantaMariaMaggiore&SantaMariaMaggiore,0.14043714106082916
SantaMariaMaggiore&SantaMariaMaggiore,0.13695575296878815
SantaMariaMaggiore&SantaMariaMaggiore,0.17180076241493225
SantaMariaMaggiore&SantaMariaMaggiore,0.31117725372314453
SantaMariaMaggiore&SantaMariaMaggiore,0.07316403090953827
SantaMariaMaggiore&SantaMariaMaggiore,0.11467494815587997
SantaMariaMaggiore&SantaMariaMaggiore,-0.027448298409581184
SantaMariaMaggiore&SantaMariaMaggiore,0.1357014924287796
SantaMariaMaggiore&SantaMariaMaggiore,0.1540006846189499
SantaMariaMaggiore&SantaMariaMaggiore,0.19144918024539948
SantaMariaMaggiore&SantaMariaMaggiore,0.05102402716875076
SantaMariaMaggiore&SantaMariaMaggiore,0.17390835285186768
SantaMariaMaggiore&SantaMariaMaggiore,0.23347213864326477
SantaMariaMaggiore&SantaMariaMaggiore,0.24901969730854034
SantaMariaMaggiore&SantaMariaMaggiore,0.08630011230707169
SantaMariaMaggiore&SantaMariaMaggiore,0.13486318290233612
SantaMariaMaggiore&SantaMariaMaggiore,0.22340689599514008
SantaMariaMaggiore&SantaMariaMaggiore,0.2697930932044983
SantaMariaMaggiore&SantaMariaMaggiore,0.12418610602617264
SantaMariaMaggiore&SantaMariaMaggiore,0.1898275911808014
SantaMariaMaggiore&SantaMariaMaggiore,0.12642289698123932
SantaMariaMaggiore&SantaMariaMaggiore,0.08283337205648422
SantaMariaMaggiore&SantaMariaMaggiore,-0.006545141339302063
SantaMariaMaggiore&SantaMariaMaggiore,0.08078078180551529
SantaMariaMaggiore&SantaMariaMaggiore,0.12140912562608719
SantaMariaMaggiore&SantaMariaMaggiore,0.08605289459228516
SantaMariaMaggiore&SantaMariaMaggiore,0.11902344226837158
SantaMariaMaggiore&SantaMariaMaggiore,0.2103085070848465
SantaMariaMaggiore&SantaMariaMaggiore,0.2450815737247467
SantaMariaMaggiore&SantaMariaMaggiore,0.13532423973083496
SantaMariaMaggiore&SantaMariaMaggiore,0.15165992081165314
SantaMariaMaggiore&SantaMariaMaggiore,0.3383525311946869
SantaMariaMaggiore&SantaMariaMaggiore,0.21710437536239624
SantaMariaMaggiore&SantaMariaMaggiore,0.0359959602355957
SantaMariaMaggiore&SantaMariaMaggiore,0.15486277639865875
SantaMariaMaggiore&SantaMariaMaggiore,0.19419367611408234
SantaMariaMaggiore&SantaMariaMaggiore,0.08152899891138077
SantaMariaMaggiore&SantaMariaMaggiore,0.06887398660182953
SantaMariaMaggiore&SantaMariaMaggiore,0.09366417676210403
SantaMariaMaggiore&SantaMariaMaggiore,0.12633979320526123
AbbeyChurchOfSainteFoy&Durham Cathedral,0.3868139386177063
AbbeyChurchOfSainteFoy&Lund Cathedral,0.2342250645160675
AbbeyChurchOfSainteFoy&StMichaelsChurch,0.3490730822086334
Durham Cathedral&Lund Cathedral,0.4301130771636963
Durham Cathedral&StMichaelsChurch,0.3253176510334015
Lund Cathedral&StMichaelsChurch,0.4137789309024811
StMichaelsChurch&StMichaelsChurch,0.27488934993743896
StMichaelsChurch&StMichaelsChurch,0.30832284688949585
StMichaelsChurch&StMichaelsChurch,0.310479074716568
StMichaelsChurch&StMichaelsChurch,0.3501988649368286
StMichaelsChurch&StMichaelsChurch,0.5901470184326172
StMichaelsChurch&StMichaelsChurch,0.44348520040512085
StMichaelsChurch&StMichaelsChurch,0.6030014157295227
StMichaelsChurch&StMichaelsChurch,0.414825975894928
StMichaelsChurch&StMichaelsChurch,0.4154539704322815
StMichaelsChurch&StMichaelsChurch,0.33842602372169495
StMichaelsChurch&StMichaelsChurch,0.5169674158096313
StMichaelsChurch&StMichaelsChurch,0.27636662125587463
StMichaelsChurch&StMichaelsChurch,0.42254960536956787
StMichaelsChurch&StMichaelsChurch,0.26083293557167053
StMichaelsChurch&StMichaelsChurch,0.36618608236312866
StMichaelsChurch&StMichaelsChurch,0.3418732285499573
StMichaelsChurch&StMichaelsChurch,0.2717277407646179
StMichaelsChurch&StMichaelsChurch,0.18557973206043243
StMichaelsChurch&StMichaelsChurch,0.1933632791042328
StMichaelsChurch&StMichaelsChurch,0.3961881697177887
StMichaelsChurch&StMichaelsChurch,0.3745090067386627
StMichaelsChurch&StMichaelsChurch,0.16802719235420227
StMichaelsChurch&StMichaelsChurch,0.2128577083349228
StMichaelsChurch&StMichaelsChurch,0.3704766631126404
StMichaelsChurch&StMichaelsChurch,0.2770674228668213
StMichaelsChurch&StMichaelsChurch,0.1353747546672821
StMichaelsChurch&StMichaelsChurch,0.1158980056643486
StMichaelsChurch&StMichaelsChurch,0.2571718096733093
StMichaelsChurch&StMichaelsChurch,0.31229907274246216
StMichaelsChurch&StMichaelsChurch,0.1712370663881302
StMichaelsChurch&StMichaelsChurch,0.25512921810150146
StMichaelsChurch&StMichaelsChurch,0.38064703345298767
StMichaelsChurch&StMichaelsChurch,0.2681407928466797
StMichaelsChurch&StMichaelsChurch,0.20537292957305908
StMichaelsChurch&StMichaelsChurch,0.3117641508579254
StMichaelsChurch&StMichaelsChurch,0.32566267251968384
StMichaelsChurch&StMichaelsChurch,0.1976006180047989
StMichaelsChurch&StMichaelsChurch,0.19319060444831848
StMichaelsChurch&StMichaelsChurch,0.23904380202293396
StMichaelsChurch&StMichaelsChurch,0.21825657784938812
StMichaelsChurch&StMichaelsChurch,0.08725671470165253
StMichaelsChurch&StMichaelsChurch,0.19035890698432922
StMichaelsChurch&StMichaelsChurch,0.239264577627182
StMichaelsChurch&StMichaelsChurch,0.15452158451080322
StMichaelsChurch&StMichaelsChurch,0.20678454637527466
StMichaelsChurch&StMichaelsChurch,0.3223807215690613
StMichaelsChurch&StMichaelsChurch,0.28676775097846985
StMichaelsChurch&StMichaelsChurch,0.3392239809036255
StMichaelsChurch&StMichaelsChurch,0.14675459265708923
StMichaelsChurch&StMichaelsChurch,0.21379977464675903
StMichaelsChurch&StMichaelsChurch,0.04279288649559021
StMichaelsChurch&StMichaelsChurch,0.21360865235328674
StMichaelsChurch&StMichaelsChurch,0.08652135729789734
StMichaelsChurch&StMichaelsChurch,0.15354962646961212
StMichaelsChurch&StMichaelsChurch,0.09831094741821289
StMichaelsChurch&StMichaelsChurch,0.12380742281675339
StMichaelsChurch&StMichaelsChurch,0.08478046953678131
StMichaelsChurch&StMichaelsChurch,0.06029076501727104
StMichaelsChurch&StMichaelsChurch,0.21936824917793274
StMichaelsChurch&StMichaelsChurch,0.16760043799877167
StMichaelsChurch&StMichaelsChurch,0.3795320689678192
StMichaelsChurch&StMichaelsChurch,0.22795306146144867
StMichaelsChurch&StMichaelsChurch,0.39259767532348633
StMichaelsChurch&StMichaelsChurch,0.23387511074543
StMichaelsChurch&StMichaelsChurch,0.18011274933815002
StMichaelsChurch&StMichaelsChurch,0.2327239066362381
StMichaelsChurch&StMichaelsChurch,0.11765103787183762
StMichaelsChurch&StMichaelsChurch,0.04208211600780487
StMichaelsChurch&StMichaelsChurch,0.16350281238555908
StMichaelsChurch&StMichaelsChurch,0.13351301848888397
StMichaelsChurch&StMichaelsChurch,0.14291304349899292
StMichaelsChurch&StMichaelsChurch,0.11750978231430054
StMichaelsChurch&StMichaelsChurch,0.19320671260356903
StMichaelsChurch&StMichaelsChurch,0.19111791253089905
StMichaelsChurch&StMichaelsChurch,0.13878341019153595
StMichaelsChurch&StMichaelsChurch,0.1996706873178482
StMichaelsChurch&StMichaelsChurch,0.16616575419902802
StMichaelsChurch&StMichaelsChurch,0.2371363788843155
StMichaelsChurch&StMichaelsChurch,0.16871188580989838
StMichaelsChurch&StMichaelsChurch,0.27552497386932373
StMichaelsChurch&StMichaelsChurch,0.06045708432793617
StMichaelsChurch&StMichaelsChurch,0.0919041708111763
StMichaelsChurch&StMichaelsChurch,0.09933067858219147
StMichaelsChurch&StMichaelsChurch,0.27789875864982605
StMichaelsChurch&StMichaelsChurch,0.05899505689740181
StMichaelsChurch&StMichaelsChurch,0.008066123351454735
StMichaelsChurch&StMichaelsChurch,0.10842052102088928
StMichaelsChurch&StMichaelsChurch,0.18936565518379211
StMichaelsChurch&StMichaelsChurch,0.2071751058101654
StMichaelsChurch&StMichaelsChurch,0.11079674959182739
StMichaelsChurch&StMichaelsChurch,0.18038709461688995
StMichaelsChurch&StMichaelsChurch,0.19924484193325043
StMichaelsChurch&StMichaelsChurch,0.25520652532577515
StMichaelsChurch&StMichaelsChurch,0.2811315059661865
StMichaelsChurch&StMichaelsChurch,0.33017200231552124
StMichaelsChurch&StMichaelsChurch,0.43390896916389465
StMichaelsChurch&StMichaelsChurch,0.057913120836019516
StMichaelsChurch&StMichaelsChurch,-0.0014517921954393387
StMichaelsChurch&StMichaelsChurch,0.05385453626513481
StMichaelsChurch&StMichaelsChurch,0.11610620468854904
StMichaelsChurch&StMichaelsChurch,0.05716228857636452
StMichaelsChurch&StMichaelsChurch,0.08543497323989868
StMichaelsChurch&StMichaelsChurch,0.06830742955207825
StMichaelsChurch&StMichaelsChurch,0.1383097767829895
StMichaelsChurch&StMichaelsChurch,0.12212838232517242
StMichaelsChurch&StMichaelsChurch,0.13563568890094757
StMichaelsChurch&StMichaelsChurch,0.16025112569332123
StMichaelsChurch&StMichaelsChurch,0.1475280523300171
StMichaelsChurch&StMichaelsChurch,0.31321972608566284
StMichaelsChurch&StMichaelsChurch,0.2663339078426361
StMichaelsChurch&StMichaelsChurch,0.3121718168258667
StMichaelsChurch&StMichaelsChurch,0.2573746144771576
StMichaelsChurch&StMichaelsChurch,-0.0007581156096421182
StMichaelsChurch&StMichaelsChurch,0.17516100406646729
StMichaelsChurch&StMichaelsChurch,0.07146987318992615
StMichaelsChurch&StMichaelsChurch,-0.02722323127090931
StMichaelsChurch&StMichaelsChurch,0.1504332572221756
StMichaelsChurch&StMichaelsChurch,0.19526682794094086
StMichaelsChurch&StMichaelsChurch,0.13282296061515808
StMichaelsChurch&StMichaelsChurch,0.14492499828338623
StMichaelsChurch&StMichaelsChurch,0.15946783125400543
StMichaelsChurch&StMichaelsChurch,0.1998942345380783
StMichaelsChurch&StMichaelsChurch,0.2085103988647461
StMichaelsChurch&StMichaelsChurch,0.23474624752998352
StMichaelsChurch&StMichaelsChurch,0.13254790008068085
StMichaelsChurch&StMichaelsChurch,0.3341202139854431
StMichaelsChurch&StMichaelsChurch,0.2880566120147705
StMichaelsChurch&StMichaelsChurch,0.12841425836086273
StMichaelsChurch&StMichaelsChurch,0.07979587465524673
StMichaelsChurch&StMichaelsChurch,0.007941106334328651
StMichaelsChurch&StMichaelsChurch,0.07895088195800781
StMichaelsChurch&StMichaelsChurch,0.08248452842235565
StMichaelsChurch&StMichaelsChurch,0.13150179386138916
StMichaelsChurch&StMichaelsChurch,0.1489606350660324
StMichaelsChurch&StMichaelsChurch,0.0472760871052742
StMichaelsChurch&StMichaelsChurch,0.10933496057987213
StMichaelsChurch&StMichaelsChurch,0.20011071860790253
StMichaelsChurch&StMichaelsChurch,0.08984260261058807
StMichaelsChurch&StMichaelsChurch,0.1595628410577774
StMichaelsChurch&StMichaelsChurch,0.23768159747123718
StMichaelsChurch&StMichaelsChurch,0.18150465190410614
StMichaelsChurch&StMichaelsChurch,0.02616642788052559
StMichaelsChurch&StMichaelsChurch,0.10573899000883102
StMichaelsChurch&StMichaelsChurch,0.4811694025993347
CanterburyCathedral&ChartresCathedral,0.3478720486164093
CanterburyCathedral&Lincolncathedral,0.5978615283966064
CanterburyCathedral&NotreDameDeParis,0.3746646046638489
ChartresCathedral&Lincolncathedral,0.3935268223285675
ChartresCathedral&NotreDameDeParis,0.5802532434463501
Lincolncathedral&NotreDameDeParis,0.4406903386116028
NotreDameDeParis&NotreDameDeParis,0.30681297183036804
NotreDameDeParis&NotreDameDeParis,0.1688738316297531
NotreDameDeParis&NotreDameDeParis,0.2406735122203827
NotreDameDeParis&NotreDameDeParis,0.3346156179904938
NotreDameDeParis&NotreDameDeParis,0.3178180754184723
NotreDameDeParis&NotreDameDeParis,0.19037748873233795
NotreDameDeParis&NotreDameDeParis,0.14630746841430664
NotreDameDeParis&NotreDameDeParis,0.27317574620246887
NotreDameDeParis&NotreDameDeParis,0.39800718426704407
NotreDameDeParis&NotreDameDeParis,0.24893894791603088
NotreDameDeParis&NotreDameDeParis,0.2203749269247055
NotreDameDeParis&NotreDameDeParis,0.336372047662735
NotreDameDeParis&NotreDameDeParis,0.5113052129745483
NotreDameDeParis&NotreDameDeParis,0.3437662422657013
NotreDameDeParis&NotreDameDeParis,0.1934586614370346
NotreDameDeParis&NotreDameDeParis,0.3917334973812103
NotreDameDeParis&NotreDameDeParis,0.2205268144607544
NotreDameDeParis&NotreDameDeParis,0.2564983367919922
NotreDameDeParis&NotreDameDeParis,0.23878943920135498
NotreDameDeParis&NotreDameDeParis,0.25680041313171387
NotreDameDeParis&NotreDameDeParis,0.30679214000701904
NotreDameDeParis&NotreDameDeParis,0.3199024796485901
NotreDameDeParis&NotreDameDeParis,0.20025470852851868
NotreDameDeParis&NotreDameDeParis,0.33528998494148254
NotreDameDeParis&NotreDameDeParis,0.23951518535614014
NotreDameDeParis&NotreDameDeParis,0.24594849348068237
NotreDameDeParis&NotreDameDeParis,0.28459689021110535
NotreDameDeParis&NotreDameDeParis,0.24258702993392944
NotreDameDeParis&NotreDameDeParis,0.30060458183288574
NotreDameDeParis&NotreDameDeParis,0.3289719521999359
NotreDameDeParis&NotreDameDeParis,0.2786772847175598
NotreDameDeParis&NotreDameDeParis,0.36473309993743896
NotreDameDeParis&NotreDameDeParis,0.16942699253559113
NotreDameDeParis&NotreDameDeParis,0.17815877497196198
NotreDameDeParis&NotreDameDeParis,0.12308454513549805
NotreDameDeParis&NotreDameDeParis,0.13959847390651703
NotreDameDeParis&NotreDameDeParis,0.039183277636766434
NotreDameDeParis&NotreDameDeParis,0.28849345445632935
NotreDameDeParis&NotreDameDeParis,0.01202036626636982
NotreDameDeParis&NotreDameDeParis,0.10635023564100266
NotreDameDeParis&NotreDameDeParis,0.18654973804950714
NotreDameDeParis&NotreDameDeParis,0.12647439539432526
NotreDameDeParis&NotreDameDeParis,0.16840653121471405
NotreDameDeParis&NotreDameDeParis,0.09125997871160507
NotreDameDeParis&NotreDameDeParis,0.1139146089553833
NotreDameDeParis&NotreDameDeParis,0.34814390540122986
NotreDameDeParis&NotreDameDeParis,0.14307047426700592
NotreDameDeParis&NotreDameDeParis,0.16897188127040863
NotreDameDeParis&NotreDameDeParis,0.15111474692821503
NotreDameDeParis&NotreDameDeParis,0.17669552564620972
NotreDameDeParis&NotreDameDeParis,0.1272331327199936
NotreDameDeParis&NotreDameDeParis,0.09062159061431885
NotreDameDeParis&NotreDameDeParis,0.1330726146697998
NotreDameDeParis&NotreDameDeParis,0.2127060443162918
NotreDameDeParis&NotreDameDeParis,0.20321930944919586
NotreDameDeParis&NotreDameDeParis,0.10518281161785126
NotreDameDeParis&NotreDameDeParis,0.2249826043844223
NotreDameDeParis&NotreDameDeParis,0.2298142910003662
NotreDameDeParis&NotreDameDeParis,0.1967841386795044
NotreDameDeParis&NotreDameDeParis,0.16195158660411835
NotreDameDeParis&NotreDameDeParis,0.2600887715816498
NotreDameDeParis&NotreDameDeParis,0.28143033385276794
NotreDameDeParis&NotreDameDeParis,0.2660633325576782
NotreDameDeParis&NotreDameDeParis,0.15782442688941956
NotreDameDeParis&NotreDameDeParis,0.07685152441263199
NotreDameDeParis&NotreDameDeParis,0.09664033353328705
NotreDameDeParis&NotreDameDeParis,0.18245843052864075
NotreDameDeParis&NotreDameDeParis,0.24476243555545807
NotreDameDeParis&NotreDameDeParis,0.06389935314655304
NotreDameDeParis&NotreDameDeParis,0.014464139007031918
NotreDameDeParis&NotreDameDeParis,0.10251525044441223
NotreDameDeParis&NotreDameDeParis,0.16833141446113586
NotreDameDeParis&NotreDameDeParis,0.11014031618833542
NotreDameDeParis&NotreDameDeParis,0.15548506379127502
NotreDameDeParis&NotreDameDeParis,0.14754867553710938
NotreDameDeParis&NotreDameDeParis,0.17469367384910583
NotreDameDeParis&NotreDameDeParis,0.11365298926830292
NotreDameDeParis&NotreDameDeParis,0.137954980134964
NotreDameDeParis&NotreDameDeParis,0.17689430713653564
NotreDameDeParis&NotreDameDeParis,0.30287253856658936
NotreDameDeParis&NotreDameDeParis,0.2676842212677002
NotreDameDeParis&NotreDameDeParis,0.13941438496112823
NotreDameDeParis&NotreDameDeParis,0.15709003806114197
NotreDameDeParis&NotreDameDeParis,0.1744903177022934
NotreDameDeParis&NotreDameDeParis,0.09503718465566635
NotreDameDeParis&NotreDameDeParis,0.10512936860322952
NotreDameDeParis&NotreDameDeParis,0.06842052191495895
NotreDameDeParis&NotreDameDeParis,0.11188214272260666
NotreDameDeParis&NotreDameDeParis,0.17786338925361633
NotreDameDeParis&NotreDameDeParis,0.07083023339509964
NotreDameDeParis&NotreDameDeParis,0.06452600657939911
NotreDameDeParis&NotreDameDeParis,0.1521836668252945
NotreDameDeParis&NotreDameDeParis,0.22910581529140472
NotreDameDeParis&NotreDameDeParis,0.13808085024356842
NotreDameDeParis&NotreDameDeParis,0.012765481136739254
NotreDameDeParis&NotreDameDeParis,0.19054538011550903
NotreDameDeParis&NotreDameDeParis,0.15698426961898804
NotreDameDeParis&NotreDameDeParis,0.253060519695282
NotreDameDeParis&NotreDameDeParis,0.11102268099784851
NotreDameDeParis&NotreDameDeParis,0.16730710864067078
NotreDameDeParis&NotreDameDeParis,0.0615849643945694
NotreDameDeParis&NotreDameDeParis,0.2046462893486023
NotreDameDeParis&NotreDameDeParis,0.08382253348827362
NotreDameDeParis&NotreDameDeParis,0.10597816109657288
NotreDameDeParis&NotreDameDeParis,0.2496795654296875
NotreDameDeParis&NotreDameDeParis,0.20910555124282837
NotreDameDeParis&NotreDameDeParis,0.07801458984613419
NotreDameDeParis&NotreDameDeParis,0.0865945965051651
NotreDameDeParis&NotreDameDeParis,0.18856488168239594
NotreDameDeParis&NotreDameDeParis,0.3249650299549103
NotreDameDeParis&NotreDameDeParis,0.1520226150751114
NotreDameDeParis&NotreDameDeParis,0.13022206723690033
NotreDameDeParis&NotreDameDeParis,0.16810187697410583
NotreDameDeParis&NotreDameDeParis,0.1764749437570572
NotreDameDeParis&NotreDameDeParis,0.06386633217334747
NotreDameDeParis&NotreDameDeParis,0.18448981642723083
NotreDameDeParis&NotreDameDeParis,0.18230211734771729
NotreDameDeParis&NotreDameDeParis,0.11324944347143173
NotreDameDeParis&NotreDameDeParis,0.15194077789783478
NotreDameDeParis&NotreDameDeParis,0.08684274554252625
NotreDameDeParis&NotreDameDeParis,0.17168663442134857
NotreDameDeParis&NotreDameDeParis,0.1278805285692215
NotreDameDeParis&NotreDameDeParis,0.09215667098760605
NotreDameDeParis&NotreDameDeParis,0.21232080459594727
NotreDameDeParis&NotreDameDeParis,0.152414470911026
NotreDameDeParis&NotreDameDeParis,0.1445392519235611
NotreDameDeParis&NotreDameDeParis,0.12127586454153061
NotreDameDeParis&NotreDameDeParis,0.20461991429328918
FlorenceCathedral&OspedaledegliInnocenti,0.48169249296188354
FlorenceCathedral&PalazzoMediciRiccardi,0.3713025748729706
FlorenceCathedral&SantaMariadellaPace,0.5872294306755066
OspedaledegliInnocenti&PalazzoMediciRiccardi,0.440112829208374
OspedaledegliInnocenti&SantaMariadellaPace,0.44042661786079407
PalazzoMediciRiccardi&SantaMariadellaPace,0.5032042264938354
SantaMariadellaPace&SantaMariadellaPace,0.22981858253479004
SantaMariadellaPace&SantaMariadellaPace,0.4286046326160431
SantaMariadellaPace&SantaMariadellaPace,0.5648178458213806
SantaMariadellaPace&SantaMariadellaPace,0.20555514097213745
SantaMariadellaPace&SantaMariadellaPace,0.3520294725894928
SantaMariadellaPace&SantaMariadellaPace,0.41473594307899475
SantaMariadellaPace&SantaMariadellaPace,0.44098564982414246
SantaMariadellaPace&SantaMariadellaPace,0.20368656516075134
SantaMariadellaPace&SantaMariadellaPace,0.39527204632759094
SantaMariadellaPace&SantaMariadellaPace,0.35820505023002625
SantaMariadellaPace&SantaMariadellaPace,0.4408681094646454
SantaMariadellaPace&SantaMariadellaPace,0.4783434271812439
SantaMariadellaPace&SantaMariadellaPace,0.2610272467136383
SantaMariadellaPace&SantaMariadellaPace,0.5285565257072449
SantaMariadellaPace&SantaMariadellaPace,0.5136276483535767
SantaMariadellaPace&SantaMariadellaPace,0.3023626208305359
SantaMariadellaPace&SantaMariadellaPace,0.10372640192508698
SantaMariadellaPace&SantaMariadellaPace,0.1064152643084526
SantaMariadellaPace&SantaMariadellaPace,0.15888552367687225
SantaMariadellaPace&SantaMariadellaPace,0.1693498194217682
SantaMariadellaPace&SantaMariadellaPace,0.2646942138671875
SantaMariadellaPace&SantaMariadellaPace,0.2375367134809494
SantaMariadellaPace&SantaMariadellaPace,0.21461071074008942
SantaMariadellaPace&SantaMariadellaPace,0.34570008516311646
SantaMariadellaPace&SantaMariadellaPace,0.4152856767177582
SantaMariadellaPace&SantaMariadellaPace,0.31727030873298645
SantaMariadellaPace&SantaMariadellaPace,0.37058159708976746
SantaMariadellaPace&SantaMariadellaPace,0.33644604682922363
SantaMariadellaPace&SantaMariadellaPace,0.24597753584384918
SantaMariadellaPace&SantaMariadellaPace,0.24027006328105927
SantaMariadellaPace&SantaMariadellaPace,0.10610315948724747
SantaMariadellaPace&SantaMariadellaPace,0.27167779207229614
SantaMariadellaPace&SantaMariadellaPace,0.29096829891204834
SantaMariadellaPace&SantaMariadellaPace,0.1568150520324707
SantaMariadellaPace&SantaMariadellaPace,0.20979928970336914
SantaMariadellaPace&SantaMariadellaPace,0.17945390939712524
SantaMariadellaPace&SantaMariadellaPace,0.2548646032810211
SantaMariadellaPace&SantaMariadellaPace,0.3183450698852539
SantaMariadellaPace&SantaMariadellaPace,0.27107614278793335
SantaMariadellaPace&SantaMariadellaPace,0.2661482095718384
SantaMariadellaPace&SantaMariadellaPace,0.3530150353908539
SantaMariadellaPace&SantaMariadellaPace,0.3856509029865265
SantaMariadellaPace&SantaMariadellaPace,0.264180064201355
SantaMariadellaPace&SantaMariadellaPace,0.2860375642776489
SantaMariadellaPace&SantaMariadellaPace,0.28435179591178894
SantaMariadellaPace&SantaMariadellaPace,0.28725749254226685
SantaMariadellaPace&SantaMariadellaPace,0.18996918201446533
SantaMariadellaPace&SantaMariadellaPace,0.2598367929458618
SantaMariadellaPace&SantaMariadellaPace,0.015042182058095932
SantaMariadellaPace&SantaMariadellaPace,0.13605694472789764
SantaMariadellaPace&SantaMariadellaPace,0.18811152875423431
SantaMariadellaPace&SantaMariadellaPace,0.1376008242368698
SantaMariadellaPace&SantaMariadellaPace,0.22026824951171875
SantaMariadellaPace&SantaMariadellaPace,0.28474438190460205
SantaMariadellaPace&SantaMariadellaPace,0.2052706927061081
SantaMariadellaPace&SantaMariadellaPace,0.35804393887519836
SantaMariadellaPace&SantaMariadellaPace,0.2569189965724945
SantaMariadellaPace&SantaMariadellaPace,0.2543865740299225
SantaMariadellaPace&SantaMariadellaPace,0.40677720308303833
SantaMariadellaPace&SantaMariadellaPace,0.32276806235313416
SantaMariadellaPace&SantaMariadellaPace,0.16484129428863525
SantaMariadellaPace&SantaMariadellaPace,0.1753968596458435
SantaMariadellaPace&SantaMariadellaPace,0.23140014708042145
SantaMariadellaPace&SantaMariadellaPace,0.3106030225753784
SantaMariadellaPace&SantaMariadellaPace,0.17648006975650787
SantaMariadellaPace&SantaMariadellaPace,0.16187287867069244
SantaMariadellaPace&SantaMariadellaPace,-0.06884153932332993
SantaMariadellaPace&SantaMariadellaPace,0.14981353282928467
SantaMariadellaPace&SantaMariadellaPace,0.26945045590400696
SantaMariadellaPace&SantaMariadellaPace,0.19973136484622955
SantaMariadellaPace&SantaMariadellaPace,0.06291119754314423
SantaMariadellaPace&SantaMariadellaPace,0.27119097113609314
SantaMariadellaPace&SantaMariadellaPace,0.25545087456703186
SantaMariadellaPace&SantaMariadellaPace,0.19383545219898224
SantaMariadellaPace&SantaMariadellaPace,0.1363806277513504
SantaMariadellaPace&SantaMariadellaPace,0.2707466185092926
SantaMariadellaPace&SantaMariadellaPace,0.24867504835128784
SantaMariadellaPace&SantaMariadellaPace,0.17964117228984833
SantaMariadellaPace&SantaMariadellaPace,0.18506672978401184
SantaMariadellaPace&SantaMariadellaPace,0.2832200825214386
SantaMariadellaPace&SantaMariadellaPace,0.20844148099422455
SantaMariadellaPace&SantaMariadellaPace,0.13465748727321625
SantaMariadellaPace&SantaMariadellaPace,0.0460033118724823
SantaMariadellaPace&SantaMariadellaPace,0.16742223501205444
SantaMariadellaPace&SantaMariadellaPace,0.2506996691226959
SantaMariadellaPace&SantaMariadellaPace,0.21145270764827728
SantaMariadellaPace&SantaMariadellaPace,0.11297483742237091
SantaMariadellaPace&SantaMariadellaPace,0.12465903162956238
SantaMariadellaPace&SantaMariadellaPace,0.17943385243415833
SantaMariadellaPace&SantaMariadellaPace,0.28591230511665344
SantaMariadellaPace&SantaMariadellaPace,0.12639927864074707
SantaMariadellaPace&SantaMariadellaPace,0.19727714359760284
SantaMariadellaPace&SantaMariadellaPace,0.18269120156764984
SantaMariadellaPace&SantaMariadellaPace,0.25890597701072693
SantaMariadellaPace&SantaMariadellaPace,0.15139366686344147
SantaMariadellaPace&SantaMariadellaPace,0.2236567735671997
SantaMariadellaPace&SantaMariadellaPace,0.1379687488079071
SantaMariadellaPace&SantaMariadellaPace,0.12935075163841248
SantaMariadellaPace&SantaMariadellaPace,0.11732751876115799
SantaMariadellaPace&SantaMariadellaPace,0.1285252571105957
SantaMariadellaPace&SantaMariadellaPace,0.25745612382888794
SantaMariadellaPace&SantaMariadellaPace,0.04499039053916931
SantaMariadellaPace&SantaMariadellaPace,0.18824627995491028
SantaMariadellaPace&SantaMariadellaPace,0.17495784163475037
SantaMariadellaPace&SantaMariadellaPace,0.24253056943416595
SantaMariadellaPace&SantaMariadellaPace,0.19357511401176453
SantaMariadellaPace&SantaMariadellaPace,0.19268056750297546
SantaMariadellaPace&SantaMariadellaPace,0.207571342587471
SantaMariadellaPace&SantaMariadellaPace,0.1900414526462555
SantaMariadellaPace&SantaMariadellaPace,0.1350335329771042
SantaMariadellaPace&SantaMariadellaPace,0.1011049821972847
SantaMariadellaPace&SantaMariadellaPace,0.16027088463306427
ChateaudeMaisons&ChurchGesu,0.2521086037158966
ChateaudeMaisons&SanCarloalleQuattroFontane,0.20758211612701416
ChateaudeMaisons&VauxleVicomte,0.6503604054450989
ChurchGesu&SanCarloalleQuattroFontane,0.46099498867988586
ChurchGesu&VauxleVicomte,0.19069425761699677
SanCarloalleQuattroFontane&VauxleVicomte,0.20016148686408997
VauxleVicomte&VauxleVicomte,0.3193739354610443
VauxleVicomte&VauxleVicomte,0.5397260189056396
VauxleVicomte&VauxleVicomte,0.23907242715358734
VauxleVicomte&VauxleVicomte,0.32731810212135315
VauxleVicomte&VauxleVicomte,0.11842610687017441
VauxleVicomte&VauxleVicomte,0.1984615921974182
VauxleVicomte&VauxleVicomte,0.13845112919807434
VauxleVicomte&VauxleVicomte,0.24384528398513794
VauxleVicomte&VauxleVicomte,0.16062137484550476
VauxleVicomte&VauxleVicomte,0.1274128407239914
VauxleVicomte&VauxleVicomte,0.20512579381465912
VauxleVicomte&VauxleVicomte,0.2530428469181061
VauxleVicomte&VauxleVicomte,0.38384076952934265
VauxleVicomte&VauxleVicomte,0.5557302236557007
VauxleVicomte&VauxleVicomte,0.38122299313545227
VauxleVicomte&VauxleVicomte,0.3180544674396515
VauxleVicomte&VauxleVicomte,0.41867876052856445
VauxleVicomte&VauxleVicomte,0.5222356915473938
VauxleVicomte&VauxleVicomte,0.5976743102073669
VauxleVicomte&VauxleVicomte,0.3204687535762787
VauxleVicomte&VauxleVicomte,0.2514975965023041
VauxleVicomte&VauxleVicomte,0.21892049908638
VauxleVicomte&VauxleVicomte,0.1509012132883072
VauxleVicomte&VauxleVicomte,0.2574661374092102
VauxleVicomte&VauxleVicomte,0.24226942658424377
VauxleVicomte&VauxleVicomte,0.23097127676010132
VauxleVicomte&VauxleVicomte,0.13814909756183624
VauxleVicomte&VauxleVicomte,0.1571645885705948
VauxleVicomte&VauxleVicomte,0.3044697344303131
VauxleVicomte&VauxleVicomte,0.45029449462890625
VauxleVicomte&VauxleVicomte,0.4371561110019684
VauxleVicomte&VauxleVicomte,0.3028649687767029
VauxleVicomte&VauxleVicomte,0.3753201961517334
VauxleVicomte&VauxleVicomte,0.32757166028022766
VauxleVicomte&VauxleVicomte,0.47641420364379883
VauxleVicomte&VauxleVicomte,0.4257601797580719
VauxleVicomte&VauxleVicomte,0.10508930683135986
VauxleVicomte&VauxleVicomte,0.24107611179351807
VauxleVicomte&VauxleVicomte,0.1798153519630432
VauxleVicomte&VauxleVicomte,0.20889632403850555
VauxleVicomte&VauxleVicomte,0.04772990196943283
VauxleVicomte&VauxleVicomte,0.11249306052923203
VauxleVicomte&VauxleVicomte,0.18743900954723358
VauxleVicomte&VauxleVicomte,0.19983644783496857
VauxleVicomte&VauxleVicomte,0.28544729948043823
VauxleVicomte&VauxleVicomte,0.1915958970785141
VauxleVicomte&VauxleVicomte,0.44382816553115845
VauxleVicomte&VauxleVicomte,0.46755579113960266
VauxleVicomte&VauxleVicomte,0.39594557881355286
VauxleVicomte&VauxleVicomte,0.14225266873836517
VauxleVicomte&VauxleVicomte,0.2446633279323578
VauxleVicomte&VauxleVicomte,0.4475838243961334
VauxleVicomte&VauxleVicomte,0.2927132844924927
VauxleVicomte&VauxleVicomte,0.2134425938129425
VauxleVicomte&VauxleVicomte,0.11816424131393433
VauxleVicomte&VauxleVicomte,0.1922900676727295
VauxleVicomte&VauxleVicomte,0.14737245440483093
VauxleVicomte&VauxleVicomte,0.12350330501794815
VauxleVicomte&VauxleVicomte,-0.006239905487746
VauxleVicomte&VauxleVicomte,0.1524500697851181
VauxleVicomte&VauxleVicomte,0.27099958062171936
VauxleVicomte&VauxleVicomte,0.09163326770067215
VauxleVicomte&VauxleVicomte,0.2342703640460968
VauxleVicomte&VauxleVicomte,0.33042049407958984
VauxleVicomte&VauxleVicomte,0.14624552428722382
VauxleVicomte&VauxleVicomte,0.4274701178073883
VauxleVicomte&VauxleVicomte,0.18579520285129547
VauxleVicomte&VauxleVicomte,0.2261844426393509
VauxleVicomte&VauxleVicomte,0.19629234075546265
VauxleVicomte&VauxleVicomte,0.23918753862380981
VauxleVicomte&VauxleVicomte,0.10352668911218643
VauxleVicomte&VauxleVicomte,0.1496821790933609
VauxleVicomte&VauxleVicomte,0.11172311007976532
VauxleVicomte&VauxleVicomte,0.08577752113342285
VauxleVicomte&VauxleVicomte,0.0029824210796505213
VauxleVicomte&VauxleVicomte,0.12427493184804916
VauxleVicomte&VauxleVicomte,0.08672339469194412
VauxleVicomte&VauxleVicomte,0.4528391659259796
VauxleVicomte&VauxleVicomte,0.21737824380397797
VauxleVicomte&VauxleVicomte,0.1568678617477417
VauxleVicomte&VauxleVicomte,0.3625682294368744
VauxleVicomte&VauxleVicomte,0.20511077344417572
VauxleVicomte&VauxleVicomte,0.2298218309879303
VauxleVicomte&VauxleVicomte,0.22834886610507965
VauxleVicomte&VauxleVicomte,0.15663816034793854
VauxleVicomte&VauxleVicomte,0.07677984982728958
VauxleVicomte&VauxleVicomte,0.18358813226222992
VauxleVicomte&VauxleVicomte,0.1794976145029068
VauxleVicomte&VauxleVicomte,0.142151340842247
VauxleVicomte&VauxleVicomte,0.13001751899719238
VauxleVicomte&VauxleVicomte,0.15272299945354462
VauxleVicomte&VauxleVicomte,0.09812802821397781
VauxleVicomte&VauxleVicomte,0.31589192152023315
VauxleVicomte&VauxleVicomte,0.2508659362792969
VauxleVicomte&VauxleVicomte,0.14667877554893494
VauxleVicomte&VauxleVicomte,0.2711166739463806
Amalienburg&HoteldeSoubise,0.22698694467544556
Amalienburg&LinderhofPalace,0.4589221477508545
Amalienburg&Sanssouci,0.3663144111633301
HoteldeSoubise&LinderhofPalace,0.24772638082504272
HoteldeSoubise&Sanssouci,0.3737686276435852
LinderhofPalace&Sanssouci,0.32731977105140686
Sanssouci&Sanssouci,0.2344818115234375
Sanssouci&Sanssouci,0.3827943503856659
Sanssouci&Sanssouci,0.32760101556777954
Sanssouci&Sanssouci,0.4470927119255066
Sanssouci&Sanssouci,0.31501221656799316
Sanssouci&Sanssouci,0.4821893274784088
Sanssouci&Sanssouci,0.4434203505516052
Sanssouci&Sanssouci,0.23515507578849792
Sanssouci&Sanssouci,0.21077191829681396
Sanssouci&Sanssouci,0.3357998728752136
Sanssouci&Sanssouci,0.25948426127433777
Sanssouci&Sanssouci,0.40752899646759033
Sanssouci&Sanssouci,0.22622595727443695
Sanssouci&Sanssouci,0.38061195611953735
Sanssouci&Sanssouci,0.30579811334609985
Sanssouci&Sanssouci,0.47712159156799316
Sanssouci&Sanssouci,0.3588510751724243
Sanssouci&Sanssouci,0.383071631193161
Sanssouci&Sanssouci,0.3678351640701294
Sanssouci&Sanssouci,0.4290960431098938
Sanssouci&Sanssouci,0.2638431191444397
Sanssouci&Sanssouci,0.21198447048664093
Sanssouci&Sanssouci,0.3288920223712921
Sanssouci&Sanssouci,0.4283505082130432
Sanssouci&Sanssouci,0.2735789120197296
Sanssouci&Sanssouci,0.3358452022075653
Sanssouci&Sanssouci,0.3295060098171234
Sanssouci&Sanssouci,0.34024277329444885
Sanssouci&Sanssouci,0.26658180356025696
Sanssouci&Sanssouci,0.3142276704311371
Sanssouci&Sanssouci,0.2919304370880127
Sanssouci&Sanssouci,0.3979257047176361
Sanssouci&Sanssouci,0.35954993963241577
Sanssouci&Sanssouci,0.3199579417705536
Sanssouci&Sanssouci,0.3447156548500061
Sanssouci&Sanssouci,0.26488029956817627
Sanssouci&Sanssouci,0.32990801334381104
Sanssouci&Sanssouci,0.10270556807518005
Sanssouci&Sanssouci,0.19179463386535645
Sanssouci&Sanssouci,0.3002662658691406
Sanssouci&Sanssouci,0.3512183129787445
Sanssouci&Sanssouci,0.3859456777572632
Sanssouci&Sanssouci,0.20439516007900238
Sanssouci&Sanssouci,0.217532217502594
Sanssouci&Sanssouci,0.358555406332016
Sanssouci&Sanssouci,0.33426159620285034
Sanssouci&Sanssouci,0.1987229883670807
Sanssouci&Sanssouci,0.2907399833202362
Sanssouci&Sanssouci,0.09107634425163269
Sanssouci&Sanssouci,0.4050825536251068
Sanssouci&Sanssouci,0.15040281414985657
Sanssouci&Sanssouci,0.13752079010009766
Sanssouci&Sanssouci,0.1665346622467041
Sanssouci&Sanssouci,0.37736836075782776
Sanssouci&Sanssouci,0.22176986932754517
Sanssouci&Sanssouci,0.25829583406448364
Sanssouci&Sanssouci,0.22025930881500244
Sanssouci&Sanssouci,0.36149686574935913
Sanssouci&Sanssouci,0.21815301477909088
Sanssouci&Sanssouci,0.16735850274562836
Sanssouci&Sanssouci,0.1583314687013626
Sanssouci&Sanssouci,0.3214585483074188
Sanssouci&Sanssouci,0.14081591367721558
Sanssouci&Sanssouci,0.1996273398399353
Sanssouci&Sanssouci,0.20210880041122437
Sanssouci&Sanssouci,0.09311104565858841
Sanssouci&Sanssouci,0.15551361441612244
Sanssouci&Sanssouci,0.3743746280670166
Sanssouci&Sanssouci,0.25132137537002563
Sanssouci&Sanssouci,0.20563334226608276
Sanssouci&Sanssouci,0.08333786576986313
Sanssouci&Sanssouci,0.23998472094535828
Sanssouci&Sanssouci,0.19912269711494446
Sanssouci&Sanssouci,0.18272218108177185
Sanssouci&Sanssouci,0.10697123408317566
Sanssouci&Sanssouci,0.43803560733795166
Sanssouci&Sanssouci,0.17797261476516724
Sanssouci&Sanssouci,0.08826947957277298
Sanssouci&Sanssouci,0.12446325272321701
Sanssouci&Sanssouci,0.28019699454307556
CasaBatllo&CastelBeranger,0.5345062017440796
CasaBatllo&HotelTassel,0.3970392048358917
CasaBatllo&SecessionBulding,0.23864774405956268
CastelBeranger&HotelTassel,0.5698344707489014
CastelBeranger&SecessionBulding,0.37760424613952637
HotelTassel&SecessionBulding,0.3699171245098114
SecessionBulding&SecessionBulding,0.2822667062282562
SecessionBulding&SecessionBulding,0.25814083218574524
SecessionBulding&SecessionBulding,0.4978467524051666
SecessionBulding&SecessionBulding,0.3745618164539337
SecessionBulding&SecessionBulding,0.4050607681274414
SecessionBulding&SecessionBulding,0.4373028576374054
SecessionBulding&SecessionBulding,0.4693569540977478
SecessionBulding&SecessionBulding,0.4515405595302582
SecessionBulding&SecessionBulding,0.42542997002601624
SecessionBulding&SecessionBulding,0.3633177578449249
SecessionBulding&SecessionBulding,0.5078099966049194
SecessionBulding&SecessionBulding,0.43286919593811035
SecessionBulding&SecessionBulding,0.3677901327610016
SecessionBulding&SecessionBulding,0.32167088985443115
SecessionBulding&SecessionBulding,0.39192697405815125
SecessionBulding&SecessionBulding,0.3995125889778137
SecessionBulding&SecessionBulding,0.3941318392753601
SecessionBulding&SecessionBulding,0.19998016953468323
SecessionBulding&SecessionBulding,0.08302340656518936
SecessionBulding&SecessionBulding,0.3383059501647949
SecessionBulding&SecessionBulding,0.4079102873802185
SecessionBulding&SecessionBulding,0.2450181096792221
SecessionBulding&SecessionBulding,0.18829070031642914
SecessionBulding&SecessionBulding,0.39619287848472595
SecessionBulding&SecessionBulding,0.335371196269989
SecessionBulding&SecessionBulding,0.2715187072753906
SecessionBulding&SecessionBulding,0.20920932292938232
SecessionBulding&SecessionBulding,0.4828263521194458
SecessionBulding&SecessionBulding,0.4531920850276947
SecessionBulding&SecessionBulding,0.46686026453971863
SecessionBulding&SecessionBulding,0.26628464460372925
SecessionBulding&SecessionBulding,0.3435328006744385
SecessionBulding&SecessionBulding,0.2165175974369049
SecessionBulding&SecessionBulding,0.3397982716560364
SecessionBulding&SecessionBulding,0.13366791605949402
SecessionBulding&SecessionBulding,0.2648980915546417
SecessionBulding&SecessionBulding,0.22637881338596344
SecessionBulding&SecessionBulding,0.4287399649620056
SecessionBulding&SecessionBulding,0.1539790779352188
SecessionBulding&SecessionBulding,0.31037354469299316
SecessionBulding&SecessionBulding,0.21876327693462372
SecessionBulding&SecessionBulding,0.4695131182670593
SecessionBulding&SecessionBulding,0.23427864909172058
SecessionBulding&SecessionBulding,0.3136588931083679
SecessionBulding&SecessionBulding,0.19873973727226257
SecessionBulding&SecessionBulding,0.42331692576408386
SecessionBulding&SecessionBulding,0.18850134313106537
SecessionBulding&SecessionBulding,0.2814842760562897
SecessionBulding&SecessionBulding,0.3291137218475342
SecessionBulding&SecessionBulding,0.2254028171300888
SecessionBulding&SecessionBulding,0.2999759018421173
SecessionBulding&SecessionBulding,0.22653891146183014
SecessionBulding&SecessionBulding,0.2868553400039673
SecessionBulding&SecessionBulding,0.19594889879226685
SecessionBulding&SecessionBulding,0.18777351081371307
SecessionBulding&SecessionBulding,0.3069831430912018
SecessionBulding&SecessionBulding,0.45460712909698486
SecessionBulding&SecessionBulding,0.22090886533260345
SecessionBulding&SecessionBulding,0.3302593231201172
SecessionBulding&SecessionBulding,0.3004591763019562
SecessionBulding&SecessionBulding,0.27079281210899353
SecessionBulding&SecessionBulding,0.17428267002105713
SecessionBulding&SecessionBulding,0.2622429132461548
SecessionBulding&SecessionBulding,0.45753681659698486
Bergpolderflat&FagusFactory,0.381449431180954
Bergpolderflat&Tugendhat,0.42572885751724243
Bergpolderflat&Zonnestraal,0.4396287500858307
FagusFactory&Tugendhat,0.35914474725723267
FagusFactory&Zonnestraal,0.31216955184936523
Tugendhat&Zonnestraal,0.44647347927093506
Zonnestraal&Zonnestraal,0.3721563518047333
Zonnestraal&Zonnestraal,0.3008643686771393
Zonnestraal&Zonnestraal,0.29208964109420776
Zonnestraal&Zonnestraal,0.5322297811508179
Zonnestraal&Zonnestraal,0.36335381865501404
Zonnestraal&Zonnestraal,0.3157760202884674
Zonnestraal&Zonnestraal,0.2548348009586334
Zonnestraal&Zonnestraal,0.29796120524406433
Zonnestraal&Zonnestraal,0.4586241841316223
Zonnestraal&Zonnestraal,0.31446799635887146
Zonnestraal&Zonnestraal,0.3286943733692169
Zonnestraal&Zonnestraal,0.4509016275405884
Zonnestraal&Zonnestraal,0.35384461283683777
Zonnestraal&Zonnestraal,0.26902392506599426
Zonnestraal&Zonnestraal,0.3580189347267151
Zonnestraal&Zonnestraal,0.4596231281757355
Zonnestraal&Zonnestraal,0.131582573056221
Zonnestraal&Zonnestraal,0.530295193195343
Zonnestraal&Zonnestraal,0.4710214138031006
Zonnestraal&Zonnestraal,0.3142222464084625
Zonnestraal&Zonnestraal,0.22914662957191467
Zonnestraal&Zonnestraal,0.3924088180065155
Zonnestraal&Zonnestraal,0.31390580534935
Zonnestraal&Zonnestraal,0.2149215191602707
Zonnestraal&Zonnestraal,0.14893561601638794
Zonnestraal&Zonnestraal,0.4424460530281067
Zonnestraal&Zonnestraal,0.21987411379814148
Zonnestraal&Zonnestraal,0.37095463275909424
Zonnestraal&Zonnestraal,0.2528599202632904
Zonnestraal&Zonnestraal,0.5303203463554382
Zonnestraal&Zonnestraal,0.37558189034461975
Zonnestraal&Zonnestraal,0.23826590180397034
Zonnestraal&Zonnestraal,0.40535297989845276
Zonnestraal&Zonnestraal,0.11872758716344833
Zonnestraal&Zonnestraal,0.323081374168396
Zonnestraal&Zonnestraal,0.3563324511051178
Zonnestraal&Zonnestraal,0.2714987099170685
Zonnestraal&Zonnestraal,0.055142711848020554
Zonnestraal&Zonnestraal,0.1198463886976242
Zonnestraal&Zonnestraal,0.336673766374588
Zonnestraal&Zonnestraal,0.3749602138996124
Zonnestraal&Zonnestraal,0.25369730591773987
Zonnestraal&Zonnestraal,0.35627418756484985
Zonnestraal&Zonnestraal,0.3525882959365845
Zonnestraal&Zonnestraal,0.43546730279922485
Zonnestraal&Zonnestraal,0.14349007606506348
Zonnestraal&Zonnestraal,0.21085737645626068
Zonnestraal&Zonnestraal,0.3766346871852875
Chilehaus&EinsteinTower,0.395891398191452
Chilehaus&Goetheanum,0.3049077093601227
Chilehaus&HetSchip,0.32915055751800537
EinsteinTower&Goetheanum,0.27290448546409607
EinsteinTower&HetSchip,0.2246648073196411
Goetheanum&HetSchip,0.18066951632499695
HetSchip&HetSchip,0.2704329192638397
HetSchip&HetSchip,0.44371211528778076
HetSchip&HetSchip,0.23076127469539642
HetSchip&HetSchip,0.32673144340515137
HetSchip&HetSchip,0.19841398298740387
HetSchip&HetSchip,0.31047114729881287
HetSchip&HetSchip,0.14689914882183075
HetSchip&HetSchip,0.26318246126174927
HetSchip&HetSchip,0.043008048087358475
HetSchip&HetSchip,0.28327006101608276
HetSchip&HetSchip,0.23888792097568512
HetSchip&HetSchip,0.1871688961982727
HetSchip&HetSchip,0.2642878293991089
HetSchip&HetSchip,0.5364493727684021
HetSchip&HetSchip,0.41440126299858093
HetSchip&HetSchip,0.473733514547348
HetSchip&HetSchip,0.3407527506351471
HetSchip&HetSchip,0.2134726494550705
HetSchip&HetSchip,0.33228155970573425
HetSchip&HetSchip,0.44433698058128357
HetSchip&HetSchip,0.2260080724954605
HetSchip&HetSchip,0.21671172976493835
HetSchip&HetSchip,0.2240055352449417
HetSchip&HetSchip,0.41532355546951294
HetSchip&HetSchip,0.10620645433664322
HetSchip&HetSchip,0.06433356553316116
HetSchip&HetSchip,0.1692829430103302
HetSchip&HetSchip,0.29015278816223145
HetSchip&HetSchip,0.5447037816047668
HetSchip&HetSchip,0.19061921536922455
HetSchip&HetSchip,0.24170036613941193
HetSchip&HetSchip,0.2724146544933319
EquitableBuilding&Glaspaleis,0.2947837710380554
EquitableBuilding&Kiefhoek,0.13893897831439972
EquitableBuilding&SeagramBuilding,0.35149461030960083
Glaspaleis&Kiefhoek,0.46711722016334534
Glaspaleis&SeagramBuilding,0.3255798816680908
Kiefhoek&SeagramBuilding,0.14087419211864471
SeagramBuilding&SeagramBuilding,0.21321788430213928
SeagramBuilding&SeagramBuilding,0.20829077064990997
SeagramBuilding&SeagramBuilding,0.12086385488510132
SeagramBuilding&SeagramBuilding,0.14107967913150787
SeagramBuilding&SeagramBuilding,0.39882880449295044
SeagramBuilding&SeagramBuilding,0.19138601422309875
SeagramBuilding&SeagramBuilding,0.2620048224925995
SeagramBuilding&SeagramBuilding,0.3602537512779236
SeagramBuilding&SeagramBuilding,0.3982204496860504
SeagramBuilding&SeagramBuilding,-0.01849597692489624
SeagramBuilding&SeagramBuilding,0.132991760969162
SeagramBuilding&SeagramBuilding,0.2637527883052826
SeagramBuilding&SeagramBuilding,0.3446626663208008
SeagramBuilding&SeagramBuilding,0.2992939054965973
SeagramBuilding&SeagramBuilding,0.24843242764472961
SeagramBuilding&SeagramBuilding,0.23925180733203888
AntwerpPortHouse&CctvHeadquarter,0.2639264762401581
AntwerpPortHouse&GuggenheimMuseum,0.30915316939353943
AntwerpPortHouse&JewishMuseum,0.2998923361301422
CctvHeadquarter&GuggenheimMuseum,0.17042365670204163
CctvHeadquarter&JewishMuseum,0.18112924695014954
GuggenheimMuseum&JewishMuseum,0.39512166380882263
